Customer_ID,Age,Income,Credit_Score,Investment_Returns,Risk_Level,Customer_Feedback
1001,25.0,0.7355524623212057,0.12765957446808507,11.57,Medium,The app is found.
1002,29.0,0.5300470384947682,0.1574468085106382,7.75,Medium,The service was discontinued.
1003,25.0,0.2930066237880388,0.4212765957446809,11.8,High,Fees are high.
1004,41.0,1.0,0.9531914893617022,9.46,Low,Fees are high.
1005,25.0,0.9346140923490447,0.22127659574468117,8.08,High,The app is found.
1006,25.0,0.8128659882883749,0.17872340425531918,5.27,Medium,The app is found.
1007,25.0,1.0,0.0,11.8,Medium,The service was discontinued.
1008,29.0,0.6793102620716138,0.34893617021276624,8.45,High,The service was discontinued.
1009,32.0,0.5034558894115388,0.07234042553191511,11.8,Medium,The service was discontinued.
1010,29.0,0.5458865316309878,0.5148936170212766,5.75,High,Fees are high.
1011,25.0,0.2862508399731209,0.34468085106382995,7.03,Low,Average.
1012,25.0,0.7959465297110493,0.0,8.21,Low,The service was discontinued.
1013,26.0,0.9783646923298455,0.225531914893617,6.93,Low,Great service!
1014,40.0,0.7940025919170586,0.0,11.8,High,The service was discontinued.
1015,25.0,0.9131947777671114,0.017021276595744705,4.96,Low,The app is found.
1016,29.0,0.6183162138811558,0.0,11.8,High,Great service!
1017,25.0,0.5617620236152443,0.11489361702127665,3.44,High,Happy with the app.
1018,29.0,0.24730008639723527,0.5574468085106385,9.03,Low,Fees are high.
1019,25.0,1.0,1.0,9.35,Low,Happy with the app.
1020,42.0,0.0610900451185562,0.0,11.8,Medium,The service was discontinued.
1021,25.0,0.4341341077085534,0.7787234042553193,11.05,Medium,Fees are high.
1022,30.0,1.0,0.4255319148936172,8.26,Low,Happy with the app.
1023,25.0,0.7457641355476625,0.8680851063829786,11.8,Low,The app is found.
1024,45.0,0.7912186810022079,0.1957446808510639,3.41,Medium,The app is found.
1025,25.0,0.751043966593069,0.0,5.79,Medium,Fees are high.
1026,38.0,1.0,0.13191489361702136,2.0,High,Great service!
1027,26.0,0.6811822021695306,0.817021276595745,10.32,High,Fees are high.
1028,25.0,0.679154267063454,0.34893617021276624,2.94,Medium,The app is found.
1029,25.0,0.41207881347796876,0.008510638297872575,11.8,Medium,Fees are high.
1030,25.0,1.0,0.0,3.89,High,The service was discontinued.
1031,25.0,0.7252087933186138,0.6382978723404258,11.8,High,Happy with the app.
1032,31.0,0.9004871844100988,0.4255319148936172,8.63,High,Average.
1033,41.0,0.3522247288086781,0.34042553191489366,7.18,Low,Fees are high.
1034,27.0,0.9115868292214648,0.8000000000000003,7.66,High,The service was discontinued.
1035,25.0,0.48430450225592786,0.5829787234042554,11.8,Low,The app is found.
1036,46.0,1.0,0.49787234042553186,7.82,Low,The service was discontinued.
1037,41.0,0.9497576077565517,0.48510638297872344,11.8,Medium,Average.
1038,25.0,0.6387275607180571,0.0,10.21,Medium,Fees are high.
1039,41.0,0.7019535374868004,0.4127659574468088,9.83,Low,The service was discontinued.
1040,25.0,0.9157266967457041,0.0,10.56,Low,Fees are high.
1041,37.0,0.5980368628203898,0.1914893617021276,9.13,Low,Great service!
1042,30.0,0.9117308246136124,0.5829787234042554,9.67,Medium,Fees are high.
1043,25.0,0.6065565901891139,0.32340425531914896,7.35,Medium,Fees are high.
1044,33.0,0.9837885187673994,0.24255319148936172,10.11,High,The service was discontinued.
1045,34.0,0.601924738408371,0.46382978723404245,5.09,High,Fees are high.
1046,25.0,0.9460137275607181,0.2297872340425533,4.6,Low,Happy with the app.
1047,25.0,0.9607732552558317,0.27234042553191484,6.3,Medium,Fees are high.
1048,47.0,0.6236320437745992,0.6936170212765957,9.83,High,Average.
1049,40.0,0.4705169434578093,0.0,2.0,High,The app is found.
1050,58.0,0.7195689737928386,0.5319148936170213,2.65,High,Fees are high.
1051,25.0,0.4229144667370644,0.5106382978723407,2.0,Medium,Great service!
1052,30.0,0.7001895939329941,0.2595744680851064,2.0,Medium,The service was discontinued.
1053,28.0,0.3993712201209561,0.30638297872340425,10.27,High,Happy with the app.
1054,25.0,0.5939809926082364,1.0,6.75,Low,The service was discontinued.
1055,25.0,0.7863468369012192,1.0,10.62,High,The service was discontinued.
1056,25.0,0.5318229816645867,0.0,8.65,Low,Great service!
1057,25.0,1.0,0.17872340425531918,11.23,Low,Average.
1058,25.0,0.46780503023903236,0.1744680851063829,8.2,Low,Fees are high.
1059,44.0,0.33922914466737064,0.021276595744680993,8.05,Medium,Fees are high.
1060,46.0,0.3125779975040799,0.0,7.79,Low,Fees are high.
1061,25.0,0.3547806470192954,0.697872340425532,7.68,Low,Happy with the app.
1062,25.0,0.9020471344916963,0.4765957446808513,6.19,Low,The service was discontinued.
1063,25.0,0.8959393299414418,0.9914893617021279,4.51,Medium,Fees are high.
1064,27.0,0.2650355188633964,0.4170212765957446,9.16,Low,Average.
1065,47.0,0.45796534510895653,1.0,7.05,Low,Happy with the app.
1066,25.0,0.6510271671306518,0.27234042553191484,10.76,Medium,Happy with the app.
1067,25.0,0.7021335317269848,0.48510638297872344,2.42,Low,The service was discontinued.
1068,25.0,0.5477584717289048,0.0,11.8,Low,Happy with the app.
1069,36.0,0.6246640107516559,0.3744680851063831,10.26,High,The app is found.
1070,25.0,1.0,0.5531914893617023,11.8,Medium,Fees are high.
1071,25.0,0.5230872612076414,0.14893617021276606,7.23,Medium,Happy with the app.
1072,25.0,0.6685826053566286,0.17021276595744705,7.52,Medium,Fees are high.
1073,25.0,0.3910074877603917,0.5021276595744681,11.8,High,Average.
1074,28.0,0.34387299606412597,0.0,2.0,High,The service was discontinued.
1075,46.0,0.27783910914850724,0.5276595744680854,4.47,High,Great service!
1076,26.0,0.7027215129115869,0.16595744680851077,11.8,Low,Happy with the app.
1077,34.0,0.8624244024191225,0.0,11.8,High,The service was discontinued.
1078,30.0,0.17164250743976195,1.0,10.21,High,The app is found.
1079,26.0,0.6136603628683883,1.0,11.8,Medium,Happy with the app.
1080,25.0,1.0,0.11489361702127665,8.2,Low,Average.
1081,25.0,0.2976984736488433,0.34468085106382995,7.95,Low,Happy with the app.
1082,25.0,0.9113588365172314,0.5957446808510638,2.22,High,Happy with the app.
1083,28.0,0.7992104252663914,0.33191489361702153,11.18,High,Great service!
1084,25.0,0.2877387923586445,0.0,9.76,High,Average.
1085,32.0,0.9653571085725257,1.0,11.8,Low,Happy with the app.
1086,25.0,0.6400595180954209,0.0,11.8,Low,Fees are high.
1087,25.0,0.5316069885763657,0.719148936170213,10.44,Low,Fees are high.
1088,25.0,0.6397235288470768,0.49787234042553186,8.94,Low,Great service!
1089,25.0,0.7310406067005857,0.719148936170213,10.75,High,Fees are high.
1090,31.0,0.19686570029759048,0.0,5.07,Low,The service was discontinued.
1091,29.0,0.8275295190553902,0.0,9.28,High,Happy with the app.
1092,35.0,1.0,0.902127659574468,10.31,Medium,Happy with the app.
1093,60.0,0.709777287126812,0.6042553191489364,10.5,High,The service was discontinued.
1094,37.0,0.24976000767975426,0.0,6.85,Medium,Great service!
1095,25.0,0.9777407122972064,0.6851063829787236,9.87,Medium,Happy with the app.
1096,28.0,0.6221440913890757,0.2808510638297874,6.76,Medium,The service was discontinued.
1097,34.0,0.88276375155995,0.6510638297872342,2.0,High,The app is found.
1098,27.0,0.2601996736104445,0.6425531914893616,2.0,Low,The service was discontinued.
1099,25.0,0.7692953825477584,0.9191489361702128,2.31,Low,Fees are high.
1100,31.0,1.0,0.0,9.58,Low,Fees are high.
1101,25.0,0.851804742248248,0.07234042553191511,9.45,Low,Happy with the app.
1102,31.0,0.9026951137563597,0.0,2.0,Low,Fees are high.
1103,40.0,0.6819861764423538,0.46808510638297873,11.8,Medium,Average.
1104,25.0,0.4776207161370836,0.6510638297872342,6.94,Medium,Happy with the app.
1105,25.0,0.14477536718824996,0.8893617021276596,11.38,Medium,The service was discontinued.
1106,26.0,0.7044614572333685,0.570212765957447,6.01,High,Happy with the app.
1107,25.0,1.0,0.719148936170213,5.27,Low,The service was discontinued.
1108,44.0,0.3718800998368052,0.3702127659574468,10.83,Low,Happy with the app.
1109,31.0,0.029891043486608426,0.34042553191489366,10.8,Low,Happy with the app.
1110,57.0,0.42939425938369974,1.0,7.34,High,Average.
1111,25.0,0.5418906594988961,0.27659574468085113,11.57,Low,The service was discontinued.
1112,26.0,0.5164994720168954,0.32765957446808525,11.8,Low,Happy with the app.
1113,25.0,0.8277095132955745,0.9191489361702128,11.8,Low,Great service!
1114,36.0,0.5457425362388404,0.6212765957446811,3.76,High,The service was discontinued.
1115,25.0,1.0,0.4297872340425535,3.59,Low,Happy with the app.
1116,25.0,1.0,0.0,11.8,Medium,Happy with the app.
1117,34.0,0.6536430834213305,0.0,5.26,Low,Happy with the app.
1118,25.0,0.6004367860228472,0.6893617021276599,5.24,Medium,The service was discontinued.
1119,42.0,0.65112316405875,0.10212765957446823,11.8,High,Great service!
1120,27.0,1.0,0.2297872340425533,4.44,Medium,Happy with the app.
1121,25.0,0.3465729096668907,0.46382978723404245,11.4,Low,Fees are high.
1122,25.0,0.9075549582413363,0.0,6.58,Medium,Fees are high.
1123,35.0,0.3988912354804646,0.0,11.8,High,Great service!
1124,25.0,0.5322789670730537,0.09787234042553195,11.8,Low,Great service!
1125,25.0,0.6352716713065183,0.9489361702127659,11.8,Low,The app is found.
1126,25.0,0.5203153499088029,0.07659574468085095,9.13,High,The app is found.
1127,28.0,0.6253959873284054,0.7063829787234042,2.77,Low,Fees are high.
1128,25.0,0.8670442545838533,0.36170212765957466,11.8,Medium,Fees are high.
1129,25.0,0.6632787750791975,1.0,10.58,Medium,Great service!
1130,25.0,0.626499952001536,0.5276595744680854,11.8,Medium,Happy with the app.
1131,58.0,0.5277551118364212,0.4893617021276597,11.8,Low,The service was discontinued.
1132,25.0,0.8558246136123644,0.07659574468085095,8.57,Medium,Happy with the app.
1133,25.0,0.738732360564462,0.07234042553191511,11.8,Low,Happy with the app.
1134,25.0,0.7527239128347893,0.697872340425532,10.45,Low,Fees are high.
1135,25.0,0.8744000191993855,0.32765957446808525,10.19,High,Average.
1136,25.0,1.0,0.0,11.68,Low,Happy with the app.
1137,25.0,0.41047086493232215,0.5574468085106385,11.8,Medium,Fees are high.
1138,25.0,0.5635979648651244,0.07659574468085095,8.26,High,Happy with the app.
1139,25.0,0.8368772199289622,0.4340425531914893,10.44,High,The service was discontinued.
1140,32.0,0.3592445041758664,1.0,9.55,Low,Fees are high.
1141,36.0,0.7983584525295191,0.5361702127659576,8.08,Low,Fees are high.
1142,35.0,0.3816837861188442,0.6468085106382979,9.97,Low,Great service!
1143,25.0,0.298982432562158,0.09787234042553195,4.04,High,Average.
1144,25.0,0.39967121052126336,0.5276595744680854,11.8,Low,Average.
1145,25.0,1.0,0.021276595744680993,8.89,Low,The service was discontinued.
1146,25.0,0.6792742632235769,1.0,11.35,High,Happy with the app.
1147,25.0,0.321637707593357,0.9489361702127659,7.25,Low,Fees are high.
1148,25.0,0.5690697897667274,0.35744680851063837,9.29,High,The app is found.
1149,25.0,0.6380675818373813,0.94468085106383,3.96,High,Average.
1150,25.0,0.5565061918018623,0.8808510638297875,11.52,Low,Happy with the app.
1151,25.0,0.3482648555246232,0.923404255319149,8.75,High,Happy with the app.
1152,32.0,0.5989368340213113,0.6085106382978727,10.73,Low,Happy with the app.
1153,25.0,0.8681842181050206,0.8468085106382981,7.88,Low,Great service!
1154,25.0,0.49818805798214455,0.5659574468085107,11.05,High,The service was discontinued.
1155,27.0,0.3540006719784967,1.0,11.8,Low,The app is found.
1156,41.0,0.4711169242584237,0.18723404255319176,4.3,High,Great service!
1157,29.0,0.5724056830181434,0.5404255319148938,10.38,Medium,Average.
1158,25.0,0.5877171930498224,0.055319148936170404,5.98,Low,The app is found.
1159,25.0,0.33937314005951813,0.774468085106383,11.8,High,The app is found.
1160,25.0,1.0,0.32765957446808525,2.0,Low,Fees are high.
1161,36.0,0.6719664970720938,0.5021276595744681,7.19,Low,Happy with the app.
1162,32.0,0.38049582413362776,0.3914893617021278,8.28,Low,Fees are high.
1163,25.0,0.7593717001055966,0.9574468085106385,9.78,High,The service was discontinued.
1164,44.0,0.23083661322837673,0.051063829787234116,2.31,High,Average.
1165,26.0,0.4721248920034559,0.4382978723404256,7.55,Low,Average.
1166,25.0,0.6915738696361717,0.36170212765957466,6.16,Low,Great service!
1167,35.0,0.8971992896227321,0.15319148936170235,6.92,Low,The service was discontinued.
1168,48.0,0.8554886243640203,0.0,9.18,Medium,Fees are high.
1169,26.0,0.7247768071421714,0.7361702127659577,9.03,Low,Fees are high.
1170,25.0,0.15402707113372371,0.1744680851063829,11.8,High,The service was discontinued.
1171,42.0,0.9987520399347221,0.09361702127659566,9.2,Low,The service was discontinued.
1172,29.0,0.9437697993664202,0.09787234042553195,3.14,High,Average.
1173,25.0,0.8153259095708938,1.0,8.87,High,The app is found.
1174,41.0,0.8333613324373621,0.8553191489361702,5.93,Low,Happy with the app.
1175,26.0,1.0,0.5191489361702128,11.8,High,Average.
1176,25.0,0.49430018239416346,0.30638297872340425,8.26,High,Happy with the app.
1177,27.0,0.9496016127483919,0.0,9.93,Low,The service was discontinued.
1178,25.0,0.911754823845637,0.0,2.95,High,Fees are high.
1179,25.0,1.0,0.09787234042553195,7.84,Medium,Happy with the app.
1180,25.0,0.8396611308438131,0.34893617021276624,6.84,Low,Fees are high.
1181,33.0,0.08013343573005666,0.0382978723404257,11.8,Medium,Happy with the app.
1182,25.0,0.8952433522127292,0.5361702127659576,4.21,Low,Average.
1183,25.0,0.7484880483824519,0.31489361702127683,11.8,Low,The service was discontinued.
1184,27.0,0.7459681290198714,1.0,6.49,Low,Great service!
1185,25.0,0.5600580781414994,0.2595744680851064,11.8,Low,Fees are high.
1186,46.0,0.5160434866084285,0.30212765957446797,11.8,Low,Happy with the app.
1187,25.0,0.8157698953633483,0.30638297872340425,10.97,High,The service was discontinued.
1188,30.0,0.5069837765191514,0.3744680851063831,7.69,Medium,Average.
1189,39.0,0.6440553902275128,0.13191489361702136,11.37,High,Great service!
1190,25.0,0.5802534318901795,0.3872340425531915,9.26,Low,The service was discontinued.
1191,28.0,1.0,0.4042553191489362,2.0,Low,Happy with the app.
1192,30.0,1.0,0.0,11.59,High,Average.
1193,25.0,0.9615772295286551,0.4340425531914893,11.8,Low,Fees are high.
1194,25.0,0.5009959681290199,0.94468085106383,5.34,Medium,Happy with the app.
1195,25.0,0.4050590381107804,0.6382978723404258,10.4,Low,The service was discontinued.
1196,33.0,0.8287894787366805,0.4595744680851066,2.77,High,The app is found.
1197,25.0,0.8833157338965152,0.12765957446808507,8.84,Medium,Happy with the app.
1198,25.0,0.580193433810118,0.6085106382978727,9.99,High,Great service!
1199,47.0,0.6403475088797159,0.6851063829787236,10.97,Low,Happy with the app.
1200,25.0,0.4854084669290583,0.10638297872340452,11.8,Low,Happy with the app.
1201,59.0,0.6263799558414131,0.30638297872340425,9.65,High,The app is found.
1202,47.0,0.6370716137083614,0.012765957446808418,11.02,High,The app is found.
1203,34.0,0.5566621868100221,0.04680851063829783,9.56,Medium,The service was discontinued.
1204,26.0,0.7307046174522416,0.6595744680851063,10.26,High,Great service!
1205,25.0,0.09494096188921955,0.33191489361702153,11.8,High,The service was discontinued.
1206,29.0,0.4556254199865604,0.5744680851063833,7.82,Low,Average.
1207,25.0,0.463365172314486,1.0,11.8,Low,Fees are high.
1208,31.0,0.49396419314581935,0.24255319148936172,6.88,High,The service was discontinued.
1209,36.0,0.6375275991168283,0.591489361702128,11.8,Medium,Fees are high.
1210,25.0,0.8600244792166651,1.0,10.18,Low,Happy with the app.
1211,28.0,0.5313549966401074,0.0,11.8,Medium,Happy with the app.
1212,25.0,0.303194297782471,0.2340425531914896,11.8,High,The service was discontinued.
1213,25.0,1.0,0.08085106382978724,8.54,Low,Fees are high.
1214,25.0,0.8309014111548432,0.21702127659574488,8.49,Low,The app is found.
1215,30.0,0.8031942977824711,0.008510638297872575,6.38,Low,The app is found.
1216,25.0,0.36922818469808966,1.0,11.8,Low,The service was discontinued.
1217,25.0,1.0,0.4127659574468088,10.18,Low,Happy with the app.
1218,25.0,0.6957017375443986,0.225531914893617,11.8,Medium,The service was discontinued.
1219,34.0,0.4092349044830566,0.4340425531914893,7.87,Medium,Fees are high.
1220,25.0,1.0,0.9957446808510642,10.68,Low,Happy with the app.
1221,25.0,0.3782398963233176,0.7574468085106383,5.64,Medium,Fees are high.
1222,44.0,0.6501631947777671,0.0,6.2,High,The service was discontinued.
1223,25.0,0.8109220504943842,0.32340425531914896,11.8,High,Happy with the app.
1224,44.0,1.0,1.0,2.75,Low,Happy with the app.
1225,25.0,0.5574661610828453,0.4425531914893619,11.8,Low,Happy with the app.
1226,31.0,0.9679490256311798,0.32340425531914896,8.85,High,Fees are high.
1227,25.0,0.29808246136123645,0.3829787234042552,11.57,Medium,Fees are high.
1228,29.0,0.9195905731016607,0.22127659574468117,10.66,Medium,The service was discontinued.
1229,25.0,0.8649563213977154,1.0,7.36,Low,The service was discontinued.
1230,25.0,0.5192233848516847,0.5148936170212766,11.34,Low,Great service!
1231,25.0,0.967253047902467,0.7106382978723405,11.14,High,The app is found.
1232,33.0,0.7216089085149275,1.0,8.05,Low,Happy with the app.
1233,49.0,0.8130579821445714,1.0,7.96,Low,Happy with the app.
1234,25.0,0.7428602284726888,0.6127659574468085,10.06,High,The app is found.
1235,25.0,0.7290846692905828,0.029787234042553123,4.77,Low,The app is found.
1236,26.0,1.0,0.8085106382978724,11.3,Medium,Fees are high.
1237,28.0,0.733224536814822,0.4553191489361703,9.49,Low,Great service!
1238,27.0,0.22099692809830085,0.017021276595744705,11.8,Medium,Fees are high.
1239,31.0,0.22657674954401458,0.0,6.4,Medium,Fees are high.
1240,25.0,0.24217625035998847,0.4042553191489362,11.8,High,Happy with the app.
1241,25.0,0.5262191609868485,0.4595744680851066,11.8,Medium,Fees are high.
1242,25.0,0.22344484976480755,0.4893617021276597,11.24,Low,Average.
1243,34.0,0.6155203033502927,0.08085106382978724,11.8,Low,Average.
1244,38.0,0.6883819717769031,0.6510638297872342,2.0,Low,Fees are high.
1245,25.0,0.5852932706153404,0.7787234042553193,6.46,High,Happy with the app.
1246,25.0,0.586361236440434,0.4553191489361703,6.29,Low,The app is found.
1247,57.0,0.5259191705865411,0.1574468085106382,9.42,Low,Happy with the app.
1248,25.0,0.5406067005855812,0.7021276595744683,11.54,Low,The service was discontinued.
1249,26.0,1.0,0.13191489361702136,11.8,High,The app is found.
1250,53.0,0.3051022367284247,0.472340425531915,9.38,High,The app is found.
1251,25.0,0.7520159354900644,0.021276595744680993,6.38,High,Happy with the app.
1252,25.0,0.48357252567917824,0.3829787234042552,11.8,Low,Fees are high.
1253,40.0,0.9668570605740616,0.30212765957446797,7.43,Medium,The app is found.
1254,33.0,0.6153163098780838,0.1957446808510639,8.6,Medium,Happy with the app.
1255,25.0,0.2749952001535951,0.004255319148936287,7.5,Medium,The app is found.
1256,29.0,0.6890179514255543,0.246808510638298,9.96,Medium,Happy with the app.
1257,37.0,0.6185202073533647,0.8382978723404255,5.86,Low,The app is found.
1258,25.0,0.8623524047230489,0.33191489361702153,9.4,Medium,Happy with the app.
1259,25.0,0.496952097532879,0.0,10.84,Low,Happy with the app.
1260,30.0,1.0,1.0,6.15,High,Great service!
1261,25.0,1.0,0.923404255319149,11.8,Low,Fees are high.
1262,25.0,0.9558654123068062,1.0,6.43,Low,The service was discontinued.
1263,25.0,0.6886219640971489,0.4255319148936172,4.27,High,The app is found.
1264,25.0,0.08764519535374868,0.48510638297872344,11.8,Medium,Happy with the app.
1265,30.0,0.6198521647307287,0.0,11.8,High,Happy with the app.
1266,47.0,0.3841557070173755,0.0,3.01,Low,Happy with the app.
1267,25.0,0.753335893251416,0.017021276595744705,9.93,High,The service was discontinued.
1268,25.0,1.0,0.676595744680851,7.75,Medium,Great service!
1269,31.0,0.7629715849092829,0.4765957446808513,8.05,High,Happy with the app.
1270,39.0,0.7308126139963522,0.9617021276595747,10.96,Low,Average.
1271,25.0,0.8309974080829414,0.042553191489361986,4.17,Low,Happy with the app.
1272,36.0,0.8580085437266007,0.2851063829787237,8.36,Low,Average.
1273,26.0,0.8534966881059807,0.17021276595744705,7.16,Low,Average.
1274,42.0,0.7699553614284342,1.0,11.8,Low,Happy with the app.
1275,35.0,0.7124652011135644,0.0,2.8,High,The service was discontinued.
1276,25.0,0.9997000095996929,0.34468085106382995,8.6,Low,Happy with the app.
1277,32.0,0.8125179994240184,0.5404255319148938,11.8,Low,Fees are high.
1278,25.0,0.9577853508687721,0.12340425531914923,11.8,Medium,Average.
1279,28.0,1.0,0.34042553191489366,11.8,High,Average.
1280,25.0,0.1238240376307958,0.9489361702127659,5.0,Low,The app is found.
1281,25.0,1.0,0.0382978723404257,8.0,Low,The service was discontinued.
1282,25.0,0.9317221848900834,0.0,7.44,Low,Average.
1283,31.0,0.8888595564941921,0.4382978723404256,8.4,Medium,Happy with the app.
1284,25.0,0.3904075069597773,0.08510638297872353,10.45,Low,Fees are high.
1285,25.0,0.9902563117980225,0.6723404255319152,7.1,Low,The service was discontinued.
1286,25.0,0.6335197273687243,0.6212765957446811,10.93,High,The app is found.
1287,48.0,0.7759551694345781,0.3829787234042552,4.5,Low,Fees are high.
1288,25.0,0.9267903427090334,0.14893617021276606,8.09,High,The app is found.
1289,30.0,0.8115340309110108,0.31063829787234054,11.8,High,Happy with the app.
1290,25.0,0.7706993376211961,0.2510638297872343,8.08,Low,The service was discontinued.
1291,25.0,0.8823677642315446,0.49787234042553186,8.5,High,The app is found.
1292,25.0,1.0,0.8808510638297875,7.8,High,Happy with the app.
1293,60.0,0.9899683210137276,0.23829787234042543,8.13,High,Fees are high.
1294,53.0,0.46486512431602195,0.6808510638297873,11.8,High,Fees are high.
1295,25.0,0.41469472976864746,0.6255319148936169,5.17,Low,Happy with the app.
1296,30.0,0.32076173562446003,0.5446808510638297,7.8,Low,Fees are high.
1297,49.0,0.3125779975040799,0.6468085106382979,11.28,Low,Fees are high.
1298,25.0,0.8551166362676395,0.06808510638297882,3.12,Low,Happy with the app.
1299,25.0,0.507547758471729,0.7148936170212767,11.8,Medium,Fees are high.
1300,25.0,0.8436690025919171,0.4382978723404256,11.8,Low,Happy with the app.
1301,25.0,1.0,0.9106382978723406,8.15,Low,The service was discontinued.
1302,28.0,0.9111428434290103,0.3829787234042552,11.07,High,The app is found.
1303,25.0,0.44212585197273685,0.697872340425532,9.33,Low,Happy with the app.
1304,25.0,1.0,0.4765957446808513,6.6,High,Great service!
1305,25.0,0.7895267351444755,0.5872340425531917,6.36,Low,Happy with the app.
1306,25.0,1.0,1.0,10.23,High,The service was discontinued.
1307,26.0,0.45942929826245565,0.9063829787234043,5.36,Medium,Fees are high.
1308,30.0,0.942845828933474,0.012765957446808418,8.76,High,The service was discontinued.
1309,31.0,0.8426850340789096,0.268085106382979,5.87,High,The app is found.
1310,31.0,0.32043774599212826,0.48510638297872344,11.8,Low,Fees are high.
1311,25.0,0.4607972544878564,0.5957446808510638,11.8,Low,The service was discontinued.
1312,28.0,0.5294230584621293,0.7361702127659577,6.52,Low,Fees are high.
1313,29.0,0.7491960257271768,0.33191489361702153,11.54,Low,Fees are high.
1314,25.0,0.7814629931842181,0.08085106382978724,7.57,Low,Great service!
1315,25.0,0.5470384947681675,0.30638297872340425,10.42,Low,Average.
1316,25.0,0.8105020639339542,0.6893617021276599,7.2,Medium,Fees are high.
1317,46.0,0.9808246136123644,0.18297872340425547,9.95,High,The app is found.
1318,30.0,0.9023351252759912,0.0,9.84,High,Average.
1319,25.0,0.48269655371028125,0.4042553191489362,8.85,High,The service was discontinued.
1320,25.0,0.7439401939137948,0.8851063829787233,5.29,Low,Happy with the app.
1321,25.0,0.14356340597100892,0.1574468085106382,4.71,Medium,Fees are high.
1322,25.0,0.6669146587309207,0.7319148936170214,6.76,Low,The service was discontinued.
1323,25.0,0.1236560430066238,0.20000000000000018,11.8,Low,The service was discontinued.
1324,25.0,0.3994432178170299,0.6425531914893616,11.8,High,Great service!
1325,25.0,0.7593717001055966,0.570212765957447,11.42,Medium,The service was discontinued.
1326,25.0,0.3733440529903043,0.31489361702127683,4.57,Medium,Average.
1327,42.0,0.553074301622348,0.2851063829787237,11.8,High,Average.
1328,25.0,0.9067029855044639,0.3702127659574468,11.8,Medium,The service was discontinued.
1329,26.0,0.33061342037054814,0.012765957446808418,4.63,Low,Fees are high.
1330,29.0,0.6328237496400115,0.0,11.8,Medium,Happy with the app.
1331,52.0,0.47698473648843237,0.8468085106382981,9.17,Medium,The app is found.
1332,28.0,0.821385715657099,0.4765957446808513,11.8,Low,The service was discontinued.
1333,33.0,0.8665762695593742,0.08085106382978724,11.3,Low,The service was discontinued.
1334,38.0,0.6026927138331573,0.0,11.8,High,The service was discontinued.
1335,25.0,0.5385187673994432,0.5063829787234044,6.9,Medium,Happy with the app.
1336,40.0,0.7316165882691754,0.46382978723404245,9.92,Low,Happy with the app.
1337,26.0,0.653451089565134,0.6170212765957448,9.23,Medium,The service was discontinued.
1338,44.0,1.0,0.06382978723404253,9.03,High,Great service!
1339,25.0,0.402995104156667,0.5063829787234044,9.67,Medium,Fees are high.
1340,25.0,0.7004175866372275,0.246808510638298,11.8,Low,Happy with the app.
1341,25.0,0.7417322645675339,0.0,6.85,Medium,Happy with the app.
1342,25.0,0.804358260535663,0.37872340425531936,4.24,Medium,Happy with the app.
1343,28.0,0.6132403763079581,0.29361702127659584,4.32,Low,Happy with the app.
1344,27.0,0.9501535950849573,0.34042553191489366,8.79,Low,Happy with the app.
1345,26.0,0.7727752711913218,0.6723404255319152,2.42,High,Fees are high.
1346,25.0,0.5001919938561967,0.24255319148936172,10.03,Medium,Fees are high.
1347,25.0,0.8660842853028703,0.9489361702127659,11.11,Medium,Fees are high.
1348,38.0,0.3597964865124316,0.0,11.36,Medium,Happy with the app.
1349,25.0,0.4346500911970817,0.39574468085106407,11.8,Low,Average.
1350,32.0,0.5945089757127773,1.0,7.36,Low,Fees are high.
1351,35.0,0.7042214649131229,0.46808510638297873,9.12,Low,Average.
1352,25.0,0.45648939233944513,0.2340425531914896,8.49,Medium,Happy with the app.
1353,25.0,0.3894475376787943,1.0,5.83,Low,The app is found.
1354,25.0,0.5025799174426417,0.05957446808510669,9.9,High,Average.
1355,25.0,1.0,0.7021276595744683,11.8,Medium,The service was discontinued.
1356,25.0,0.8706801382355764,1.0,9.93,Low,The service was discontinued.
1357,31.0,0.7756431794182586,0.0,11.8,Medium,The service was discontinued.
1358,25.0,0.04784246904099071,0.2638297872340427,11.43,High,Fees are high.
1359,25.0,0.384887683594125,0.3999999999999999,11.8,Medium,The app is found.
1360,32.0,0.6094244984160506,0.25531914893617014,11.12,Low,Happy with the app.
1361,25.0,0.9860084477296727,1.0,8.52,High,Average.
1362,29.0,0.3036982816549871,0.4212765957446809,4.87,High,Average.
1363,25.0,1.0,0.029787234042553123,10.47,High,Great service!
1364,25.0,0.44172986464433145,0.6255319148936169,9.27,High,Great service!
1365,25.0,1.0,1.0,7.72,High,The app is found.
1366,25.0,0.4850244792166651,0.0,10.55,High,The app is found.
1367,25.0,0.7694033790918691,0.2085106382978723,6.17,Medium,Happy with the app.
1368,25.0,0.4263463569165787,1.0,11.8,Medium,Average.
1369,25.0,0.4885643659402899,0.8085106382978724,11.8,Low,The service was discontinued.
1370,29.0,0.4332461361236441,0.22127659574468117,11.8,Low,Happy with the app.
1371,25.0,0.9716689065949888,0.31063829787234054,5.37,Low,The service was discontinued.
1372,33.0,0.7822309686090045,0.8808510638297875,5.46,Low,Happy with the app.
1373,25.0,0.6352356724584813,0.34468085106382995,10.43,Low,Happy with the app.
1374,25.0,0.6413794758567726,0.5106382978723407,11.79,Low,Happy with the app.
1375,25.0,0.3808078141499472,0.591489361702128,11.8,Medium,Happy with the app.
1376,25.0,0.8014543534606893,1.0,11.8,Low,Great service!
1377,25.0,0.9259743688201978,0.8936170212765959,6.5,Low,Fees are high.
1378,55.0,0.3926034366900259,0.0,11.04,Medium,Happy with the app.
1379,25.0,0.7545238552366325,0.8893617021276596,8.15,High,The service was discontinued.
1380,25.0,0.6393035422866469,0.7489361702127662,11.8,Low,Great service!
1381,37.0,0.6576389555534223,1.0,7.5,Low,Happy with the app.
1382,25.0,0.8060142075453585,1.0,11.8,Medium,The service was discontinued.
1383,32.0,0.6329917442641835,0.15319148936170235,9.63,Low,Fees are high.
1384,34.0,0.5967289046750504,0.4340425531914893,11.62,High,Happy with the app.
1385,25.0,0.893899395219353,0.7361702127659577,8.71,Low,Happy with the app.
1386,25.0,0.8051382355764616,0.9659574468085106,11.8,High,Happy with the app.
1387,32.0,0.28569885763655567,0.3531914893617021,11.8,Low,Average.
1388,25.0,1.0,0.3702127659574468,11.8,Medium,Fees are high.
1389,25.0,0.5342469040990689,0.1957446808510639,11.8,Medium,Happy with the app.
1390,25.0,0.10341269079389462,0.6212765957446811,8.98,Medium,Fees are high.
1391,26.0,0.6273639243544207,0.8510638297872339,10.49,Low,Happy with the app.
1392,25.0,0.17685034078909478,0.8000000000000003,9.58,High,The service was discontinued.
1393,27.0,0.3203777479120668,0.5404255319148938,10.26,Low,Happy with the app.
1394,25.0,0.8820437745992127,0.5787234042553191,5.08,Medium,The service was discontinued.
1395,25.0,0.7617476240760297,0.5191489361702128,5.57,Medium,Fees are high.
1396,25.0,0.8283934914082749,0.3361702127659574,6.82,High,Happy with the app.
1397,25.0,0.6994096188921954,0.0,5.94,Low,The service was discontinued.
1398,25.0,0.5456465393107421,0.5361702127659576,2.24,Medium,The service was discontinued.
1399,25.0,0.4736968417010656,0.0,11.8,High,The app is found.
1400,25.0,0.8184698089661131,0.9489361702127659,4.95,Low,Happy with the app.
1401,41.0,0.7613516367476241,0.548936170212766,11.25,High,Happy with the app.
1402,29.0,0.8315733896515312,1.0,4.59,High,The service was discontinued.
1403,32.0,0.6417994624172028,0.4297872340425535,9.37,Medium,Fees are high.
1404,35.0,0.5437865988288375,0.2340425531914896,11.35,Low,Happy with the app.
1405,55.0,0.22006095804934245,0.4255319148936172,4.36,Low,Happy with the app.
1406,27.0,0.9086229240664299,0.4127659574468088,4.76,Low,Average.
1407,25.0,0.5839133147739273,0.9404255319148938,11.01,Medium,Average.
1408,25.0,0.23621244120188156,0.10638297872340452,5.6,Low,The service was discontinued.
1409,58.0,0.4253143899395219,0.31914893617021267,11.8,Low,The service was discontinued.
1410,31.0,0.9617932226168762,0.11914893617021294,6.27,High,Fees are high.
1411,25.0,0.5708817317845829,0.17872340425531918,11.8,Low,Happy with the app.
1412,25.0,0.6545910530863013,0.18723404255319176,10.68,Medium,Great service!
1413,37.0,0.6991936258039744,0.48510638297872344,10.48,High,The app is found.
1414,29.0,0.7003695881731784,0.31063829787234054,11.8,Medium,Happy with the app.
1415,32.0,0.7511279639051551,0.5021276595744681,7.38,Medium,Average.
1416,25.0,0.3906714985120476,0.15319148936170235,5.58,High,The service was discontinued.
1417,31.0,0.07790150715177116,0.6595744680851063,3.74,Low,Great service!
1418,40.0,0.5074517615436307,0.27234042553191484,2.0,Low,The service was discontinued.
1419,34.0,0.5394067389843524,0.31063829787234054,5.53,Low,Average.
1420,30.0,1.0,1.0,9.24,Low,Happy with the app.
1421,25.0,0.44978160698857633,0.8680851063829786,5.52,Medium,Fees are high.
1422,25.0,0.614656330997408,0.0382978723404257,11.8,Medium,Happy with the app.
1423,38.0,0.7592277047134492,0.9319148936170212,8.79,Low,The app is found.
1424,31.0,0.8429730248632044,0.34042553191489366,9.81,Low,Fees are high.
1425,25.0,0.25145195353748684,0.9872340425531916,8.9,Low,Average.
1426,27.0,0.8661922818469809,1.0,5.79,Low,The service was discontinued.
1427,33.0,0.7780191033886916,0.36170212765957466,8.3,Low,Average.
1428,25.0,0.5730776615148316,0.0,9.33,Medium,Happy with the app.
1429,49.0,1.0,0.2510638297872343,7.19,Low,The app is found.
1430,40.0,0.2378323893635404,0.27234042553191484,11.62,High,The app is found.
1431,39.0,0.6134923682442162,0.5021276595744681,8.25,Low,Fees are high.
1432,25.0,0.24575213593165018,1.0,7.33,Low,Fees are high.
1433,25.0,0.6823101660746855,0.3914893617021278,10.3,Low,Fees are high.
1434,33.0,0.2378923874436018,0.20425531914893647,8.26,High,Average.
1435,25.0,0.43882595756935777,0.2978723404255321,2.0,Low,Fees are high.
1436,25.0,0.7255327829509457,1.0,10.09,Medium,The service was discontinued.
1437,25.0,0.908130939809926,0.0,11.8,High,The service was discontinued.
1438,33.0,0.5217073053662282,0.39574468085106407,6.11,Low,Happy with the app.
1439,25.0,0.6258279735048478,1.0,11.8,Low,The app is found.
1440,25.0,0.7496160122876068,0.24255319148936172,6.84,Low,Great service!
1441,25.0,0.9864164346740905,0.0,11.8,High,The service was discontinued.
1442,30.0,1.0,0.08510638297872353,7.9,High,Great service!
1443,47.0,0.8632883747720073,0.7234042553191489,11.8,High,Average.
1444,51.0,0.8504127867908227,0.4127659574468088,6.26,High,The app is found.
1445,25.0,0.4585173274455217,0.3999999999999999,8.9,Low,Fees are high.
1446,29.0,0.3416050686378036,0.7106382978723405,7.24,Low,Happy with the app.
1447,29.0,0.5266751463953154,0.8425531914893618,7.56,Low,Happy with the app.
1448,25.0,0.9187386003647884,0.493617021276596,11.8,High,Average.
1449,25.0,0.9490736296438513,0.493617021276596,9.68,Medium,The app is found.
1450,25.0,0.3736200441585869,0.697872340425532,8.83,Medium,The app is found.
1451,32.0,0.7643275415186714,0.6595744680851063,7.61,High,Average.
1452,25.0,0.8795118556206201,0.021276595744680993,8.24,Low,The service was discontinued.
1453,25.0,0.5871652107132572,0.4042553191489362,8.93,Low,Fees are high.
1454,43.0,1.0,0.0,5.85,Low,Happy with the app.
1455,25.0,0.6623668042622637,0.20000000000000018,11.8,Low,Average.
1456,25.0,0.8391091485072477,0.3999999999999999,10.26,Medium,The app is found.
1457,36.0,0.7290846692905828,0.48085106382978715,10.92,Low,Happy with the app.
1458,25.0,0.7459681290198714,1.0,4.61,Low,Great service!
1459,25.0,0.5178434290102716,0.0,11.71,Medium,Fees are high.
1460,31.0,0.043498608044542586,0.06808510638297882,10.79,Low,Average.
1461,44.0,0.7655515023519248,0.8978723404255322,5.97,Medium,Happy with the app.
1462,29.0,0.6655707017375445,0.12765957446808507,8.26,Low,Great service!
1463,25.0,0.30331429394259385,0.0,6.07,High,The service was discontinued.
1464,25.0,0.8917394643371412,0.6893617021276599,11.8,Low,Happy with the app.
1465,25.0,0.9389219544974561,0.31063829787234054,5.04,High,The service was discontinued.
1466,25.0,0.3293294614572334,0.94468085106383,11.8,Low,Fees are high.
1467,25.0,0.5353508687721993,0.34468085106382995,7.89,Medium,Fees are high.
1468,25.0,0.6153283094940962,1.0,6.39,Medium,Happy with the app.
1469,37.0,0.5366948257655755,0.4425531914893619,11.8,Low,The app is found.
1470,25.0,0.5725496784102908,0.46382978723404245,3.84,Medium,Fees are high.
1471,26.0,0.3640563501967937,0.6425531914893616,11.8,Medium,The service was discontinued.
1472,25.0,0.45573341653067106,0.2510638297872343,11.8,Low,Fees are high.
1473,25.0,0.1480392627435922,0.14893617021276606,11.8,High,Happy with the app.
1474,25.0,0.8960113276375157,0.2297872340425533,5.77,Low,Average.
1475,28.0,0.5947249688009983,0.9404255319148938,6.36,Medium,The app is found.
1476,25.0,0.9381419794566574,0.051063829787234116,11.37,Medium,Great service!
1477,25.0,0.8404411058846117,0.548936170212766,10.86,Medium,The service was discontinued.
1478,25.0,0.3404171066525871,0.3702127659574468,10.3,Low,The service was discontinued.
1479,25.0,1.0,0.5829787234042554,11.8,Low,Happy with the app.
1480,25.0,0.3128299894403379,0.8297872340425534,9.93,Medium,Fees are high.
1481,28.0,0.6889219544974561,0.1574468085106382,6.16,High,Great service!
1482,25.0,0.759131707785351,0.16170212765957448,11.8,Low,Average.
1483,25.0,0.5210113276375157,0.28936170212765955,8.04,Low,The service was discontinued.
1484,39.0,0.42749832005375826,0.8085106382978724,6.54,Medium,Fees are high.
1485,25.0,0.8081981376595948,0.2085106382978723,2.3,High,Happy with the app.
1486,25.0,0.8380291830661419,0.7021276595744683,7.12,Low,Fees are high.
1487,26.0,0.7174450417586637,0.3914893617021278,11.8,High,Great service!
1488,25.0,0.6310238072381684,0.30638297872340425,5.05,Low,Fees are high.
1489,25.0,0.6636267639435538,0.5446808510638297,11.8,Medium,Happy with the app.
1490,25.0,0.6454233464529135,0.0,11.8,High,The service was discontinued.
1491,25.0,0.453273495248152,0.4765957446808513,11.66,Low,The app is found.
1492,35.0,0.543306614188346,0.3914893617021278,10.96,Low,Fees are high.
1493,28.0,0.6949577613516367,0.6000000000000001,8.5,Low,Fees are high.
1494,25.0,0.6178482288566767,1.0,5.78,Medium,Great service!
1495,25.0,0.5172434482096573,0.7446808510638299,3.76,Medium,Great service!
1496,40.0,0.9245704137467601,0.10638297872340452,6.49,Low,Fees are high.
1497,25.0,0.4840765095516944,0.31063829787234054,2.48,Medium,Fees are high.
1498,25.0,0.8105980608620524,0.1957446808510639,5.66,Low,The service was discontinued.
1499,25.0,0.4330421426514352,0.5617021276595744,10.26,Low,Fees are high.
1500,25.0,0.7293126619948163,0.051063829787234116,10.67,Low,Fees are high.
1501,25.0,0.6181722184890084,0.8723404255319149,11.8,Low,Great service!
1502,25.0,0.9518095420946528,0.472340425531915,11.8,Low,Fees are high.
1503,29.0,1.0,0.3744680851063831,11.8,Low,Great service!
1504,25.0,0.6901819141787462,0.31914893617021267,4.42,Low,The service was discontinued.
1505,33.0,0.8148459249304023,0.2340425531914896,10.75,Low,The app is found.
1506,30.0,0.30524623212057217,0.9531914893617022,11.8,Medium,Happy with the app.
1507,25.0,0.503047902467121,0.2340425531914896,7.38,Low,Happy with the app.
1508,25.0,0.35510463665162717,0.2978723404255321,11.8,Low,Average.
1509,25.0,0.25296390515503503,0.9531914893617022,11.8,Medium,Great service!
1510,26.0,0.4941201881539791,0.0,8.43,High,Great service!
1511,25.0,0.34778487088413174,0.042553191489361986,11.8,Low,Average.
1512,25.0,1.0,0.21702127659574488,11.8,High,Fees are high.
1513,52.0,0.48677642315445907,0.22127659574468117,5.71,Low,The service was discontinued.
1514,25.0,0.9718249016031486,0.8978723404255322,7.23,Low,The service was discontinued.
1515,55.0,0.43360612460401265,0.0,11.8,Medium,Happy with the app.
1516,25.0,1.0,0.0,6.71,High,Happy with the app.
1517,25.0,0.4425698377651915,1.0,8.79,High,Fees are high.
1518,25.0,0.44573773639243547,0.03404255319148941,10.01,Low,Average.
1519,49.0,0.34910482864548337,0.4595744680851066,6.76,Low,Fees are high.
1520,25.0,0.7689473936834021,0.7021276595744683,10.98,Low,The app is found.
1521,33.0,0.5104756647787272,0.34893617021276624,11.8,Low,Average.
1522,27.0,0.0,0.31914893617021267,4.57,High,Happy with the app.
1523,25.0,0.43073821637707593,0.6808510638297873,11.8,Low,The service was discontinued.
1524,25.0,0.7779231064605934,0.49787234042553186,8.0,Low,Fees are high.
1525,34.0,0.8875035998848038,0.4382978723404256,9.66,Medium,Happy with the app.
1526,28.0,0.4383939713929154,1.0,8.99,Medium,Fees are high.
1527,25.0,0.6343477008735721,0.0,9.85,Medium,Fees are high.
1528,25.0,0.38882355764615534,1.0,11.8,High,Fees are high.
1529,30.0,0.44366180282230966,0.591489361702128,9.44,Medium,Fees are high.
1530,25.0,0.6913698761639628,0.5829787234042554,5.38,Medium,The app is found.
1531,25.0,0.7978784678890276,0.5021276595744681,10.11,Low,Happy with the app.
1532,25.0,0.5564461937218008,0.37872340425531936,11.8,Medium,The service was discontinued.
1533,27.0,0.7675194393779399,0.817021276595745,10.12,Medium,Fees are high.
1534,25.0,0.3352332725352789,0.27234042553191484,11.75,Medium,Happy with the app.
1535,25.0,0.7284366900259192,0.7829787234042556,9.41,High,Average.
1536,25.0,0.6284198905635019,0.8978723404255322,11.8,Low,Fees are high.
1537,60.0,0.9203465489104348,0.8723404255319149,6.67,Low,Fees are high.
1538,25.0,0.544302582317366,0.6212765957446811,3.26,Low,Happy with the app.
1539,25.0,0.949685610060478,0.0,9.42,Medium,Happy with the app.
1540,25.0,0.7354564653931075,0.7234042553191489,11.09,High,The app is found.
1541,25.0,1.0,0.0,11.52,Low,Fees are high.
1542,25.0,1.0,0.35744680851063837,7.39,Low,The app is found.
1543,26.0,0.47781270999328024,0.36595744680851094,9.24,High,The service was discontinued.
1544,25.0,0.6654987040414706,0.16595744680851077,7.27,High,The service was discontinued.
1545,32.0,0.7490280311030046,0.8851063829787233,8.39,High,Great service!
1546,26.0,0.7378803878275895,1.0,11.8,High,Average.
1547,25.0,1.0,0.7361702127659577,2.0,High,Great service!
1548,25.0,0.13804358260535665,0.0,10.24,High,Great service!
1549,35.0,0.5311510031678985,0.10212765957446823,9.5,High,Average.
1550,25.0,1.0,0.4170212765957446,11.73,Medium,Fees are high.
1551,30.0,1.0,1.0,11.8,Medium,Fees are high.
1552,25.0,0.6379595852932707,0.017021276595744705,6.89,Low,Happy with the app.
1553,25.0,0.9028031103004703,0.8595744680851065,9.48,High,The service was discontinued.
1554,25.0,1.0,0.18723404255319176,10.99,Medium,The app is found.
1555,25.0,0.5019679370260153,0.5276595744680854,10.32,High,Great service!
1556,25.0,0.6998296054526256,0.21702127659574488,9.39,Medium,Happy with the app.
1557,30.0,1.0,0.6382978723404258,11.8,High,The service was discontinued.
1558,25.0,0.4850604780647019,0.6425531914893616,9.81,Medium,Fees are high.
1559,32.0,0.20435346068925797,0.1744680851063829,6.4,Medium,Great service!
1560,25.0,0.8506887779591052,0.5361702127659576,7.82,Medium,The app is found.
1561,31.0,1.0,0.5021276595744681,11.8,High,The app is found.
1562,37.0,0.5035518863396371,0.7574468085106383,8.67,Medium,Fees are high.
1563,40.0,0.5897571277719114,0.22127659574468117,10.61,Low,Happy with the app.
1564,25.0,0.7302126331957377,0.817021276595745,11.8,High,Fees are high.
1565,25.0,0.6291638667562638,0.39574468085106407,6.16,Medium,Fees are high.
1566,28.0,0.7657794950561583,0.36170212765957466,5.82,High,Average.
1567,45.0,0.7817149851204761,0.6851063829787236,7.08,High,Average.
1568,25.0,0.33003743880195835,0.14042553191489393,9.48,Low,Happy with the app.
1569,28.0,0.7629355860612461,1.0,9.19,Low,The app is found.
1570,25.0,0.9151867140251511,0.30638297872340425,2.23,High,The service was discontinued.
1571,50.0,0.6152923106460593,0.34893617021276624,10.49,High,The service was discontinued.
1572,29.0,0.6374316021887301,0.7234042553191489,7.0,Low,The service was discontinued.
1573,29.0,0.852848708841317,1.0,11.36,High,Great service!
1574,25.0,0.4127267927426323,0.15319148936170235,8.98,High,Fees are high.
1575,25.0,0.6915738696361717,0.5276595744680854,6.59,Low,Fees are high.
1576,25.0,0.7534318901795143,0.8808510638297875,11.66,High,Great service!
1577,25.0,1.0,0.36170212765957466,9.47,Medium,Great service!
1578,35.0,0.1993736200441586,1.0,4.68,Low,The service was discontinued.
1579,25.0,0.7932346164922723,0.31914893617021267,3.55,Medium,The app is found.
1580,25.0,0.7320485744456178,0.5659574468085107,10.45,Low,Happy with the app.
1581,26.0,0.7398003263895556,0.6297872340425532,8.08,Low,The service was discontinued.
1582,25.0,0.7809230104636651,0.7361702127659577,11.68,High,The service was discontinued.
1583,40.0,0.8880315829893444,0.6170212765957448,10.36,High,The app is found.
1584,29.0,0.8026543150619181,1.0,11.8,High,The service was discontinued.
1585,25.0,0.77386723624844,0.4042553191489362,11.8,Low,Happy with the app.
1586,25.0,0.2411802822309686,0.8042553191489361,8.41,Low,Happy with the app.
1587,25.0,0.6396755303830277,0.676595744680851,9.07,Medium,Happy with the app.
1588,37.0,0.3395531342997024,0.0382978723404257,9.13,Low,The app is found.
1589,31.0,0.5788614764327542,0.6638297872340426,8.25,Medium,Happy with the app.
1590,25.0,0.250875971968897,0.472340425531915,11.8,Low,Average.
1591,25.0,0.6743304214265144,0.18297872340425547,5.76,High,Great service!
1592,27.0,0.470000959969281,0.0,8.67,Medium,The app is found.
1593,41.0,0.39015551502351925,0.5319148936170213,11.8,Low,Happy with the app.
1594,28.0,0.7204929442257848,0.49787234042553186,11.8,Medium,Happy with the app.
1595,25.0,0.5722976864740328,0.902127659574468,7.11,Low,Happy with the app.
1596,25.0,0.24180426226360757,0.27234042553191484,7.41,Medium,The app is found.
1597,34.0,0.484604492656235,0.9744680851063832,8.11,Medium,Great service!
1598,33.0,0.7130171834501295,0.7234042553191489,7.58,Low,Happy with the app.
1599,25.0,0.453021503311894,0.0382978723404257,7.36,High,The service was discontinued.
1600,25.0,0.8017303446289719,0.4297872340425535,9.94,High,Fees are high.
1601,33.0,0.12328405491024286,0.0,7.94,Medium,Fees are high.
1602,25.0,0.47759671690505906,0.27234042553191484,5.6,Low,The app is found.
1603,25.0,0.16835461265239515,0.08936170212765981,11.8,Medium,Average.
1604,31.0,0.7034054910242873,0.29361702127659584,6.28,High,Fees are high.
1605,25.0,0.7706633387731592,0.3829787234042552,11.8,Low,Happy with the app.
1606,34.0,0.8281294998560047,0.11063829787234036,10.39,High,The app is found.
1607,25.0,0.815205913410771,0.042553191489361986,3.51,Medium,Happy with the app.
1608,25.0,0.2777071133723721,0.591489361702128,11.8,Low,Average.
1609,25.0,1.0,0.7319148936170214,6.86,High,The app is found.
1610,25.0,0.2293726600748776,0.48510638297872344,10.77,Low,Average.
1611,28.0,0.618700201593549,0.5063829787234044,10.0,High,The service was discontinued.
1612,25.0,0.510343669002592,0.6595744680851063,7.23,Medium,Great service!
1613,25.0,0.41643467409042917,0.5574468085106385,6.3,Medium,Great service!
1614,25.0,1.0,0.1574468085106382,8.1,Medium,Great service!
1615,25.0,0.8396971296918498,0.6042553191489364,7.72,High,Happy with the app.
1616,34.0,0.6445953729480656,0.6042553191489364,9.72,Low,The service was discontinued.
1617,25.0,0.9816285878851876,0.46808510638297873,5.47,High,Happy with the app.
1618,25.0,0.7715873092061054,1.0,11.8,High,Great service!
1619,26.0,0.7615796294518575,0.3829787234042552,6.58,High,Great service!
1620,28.0,0.8513007583757319,0.0,3.56,Low,Happy with the app.
1621,25.0,0.3963713161178843,0.20000000000000018,9.91,Medium,Great service!
1622,25.0,0.9578453489488337,0.2085106382978723,10.19,Low,Happy with the app.
1623,27.0,0.4057670154555055,0.2638297872340427,11.8,Low,Great service!
1624,25.0,0.2905827013535567,0.12765957446808507,4.87,Low,Great service!
1625,32.0,0.8010103676682347,0.7106382978723405,5.63,High,The app is found.
1626,25.0,0.23842037054814247,0.48510638297872344,11.8,Low,Fees are high.
1627,32.0,0.5637899587213209,0.34468085106382995,4.91,Low,Average.
1628,25.0,0.5355908610924451,0.6340425531914895,11.8,Medium,Average.
1629,32.0,0.5846332917346646,0.5744680851063833,11.8,High,Great service!
1630,25.0,1.0,0.07234042553191511,6.18,Low,Fees are high.
1631,25.0,1.0,0.2808510638297874,5.97,Medium,The app is found.
1632,32.0,0.7372924066429873,0.5872340425531917,4.71,Low,The service was discontinued.
1633,25.0,0.558870116156283,0.8042553191489361,7.87,Low,The service was discontinued.
1634,25.0,0.13591965057118172,0.2127659574468086,11.8,Medium,Great service!
1635,25.0,0.42166650667178657,0.2851063829787237,10.48,Low,Happy with the app.
1636,25.0,0.6502351924738408,0.33191489361702153,9.13,Medium,Happy with the app.
1637,25.0,0.3591005087837189,0.6297872340425532,10.01,Medium,Happy with the app.
1638,25.0,0.5950009599692809,0.3914893617021278,8.49,Low,The service was discontinued.
1639,25.0,0.9781606988576366,0.7574468085106383,8.71,Low,Fees are high.
1640,29.0,0.4280623020063358,1.0,7.9,Medium,Happy with the app.
1641,25.0,0.8360972448881636,0.08085106382978724,7.1,Medium,Happy with the app.
1642,25.0,1.0,0.9489361702127659,10.86,Medium,Happy with the app.
1643,25.0,0.8739320341749064,0.16595744680851077,10.17,Low,Happy with the app.
1644,25.0,0.47216089085149276,0.46808510638297873,7.11,Low,Great service!
1645,44.0,0.9133027743112221,0.4595744680851066,11.78,Low,Happy with the app.
1646,25.0,0.3842157050974369,0.7148936170212767,8.7,Low,Fees are high.
1647,25.0,0.3945593741000288,0.11063829787234036,9.08,Low,Fees are high.
1648,25.0,0.3763799558414131,0.7404255319148936,10.52,Low,Happy with the app.
1649,39.0,0.5483944513775558,0.12340425531914923,5.61,High,Fees are high.
1650,25.0,1.0,0.7872340425531914,7.4,High,Average.
1651,25.0,0.936042046654507,0.0,11.8,Low,The service was discontinued.
1652,55.0,0.8748320053758278,0.012765957446808418,10.15,Low,Average.
1653,26.0,0.5285830853412692,0.5276595744680854,9.61,Low,Happy with the app.
1654,25.0,0.6879979840645098,0.246808510638298,9.46,Medium,Fees are high.
1655,25.0,1.0,0.3744680851063831,11.8,Medium,Happy with the app.
1656,25.0,0.7054934242104254,1.0,10.97,Medium,Fees are high.
1657,25.0,0.11374436018047424,0.11489361702127665,6.38,Low,The service was discontinued.
1658,25.0,0.7936066045886532,0.12765957446808507,7.53,High,Happy with the app.
1659,34.0,0.8898795238552366,0.9617021276595747,9.71,Medium,Happy with the app.
1660,25.0,0.8846356916578668,1.0,11.8,Medium,Average.
1661,25.0,0.7431242200249593,0.493617021276596,11.8,Low,Average.
1662,25.0,0.9124388019583374,0.7531914893617024,7.54,High,Great service!
1663,37.0,0.4889723528847077,0.5404255319148938,11.35,Medium,The service was discontinued.
1664,25.0,0.8552366324277623,0.8680851063829786,11.8,High,Average.
1665,30.0,0.7641355476624747,0.34893617021276624,4.14,Low,The app is found.
1666,26.0,0.7369444177786311,0.0,8.74,High,The service was discontinued.
1667,25.0,0.5384467697033695,0.4468085106382982,11.8,Medium,The service was discontinued.
1668,34.0,1.0,0.22127659574468117,3.54,Medium,Great service!
1669,26.0,0.7865628299894403,0.7659574468085109,7.53,High,Fees are high.
1670,25.0,0.7044734568493809,0.22127659574468117,9.93,High,The service was discontinued.
1671,25.0,0.15328309494096187,1.0,11.8,High,Great service!
1672,42.0,0.2710113276375156,0.2638297872340427,11.8,Medium,Happy with the app.
1673,25.0,0.5081957377363924,0.09361702127659566,4.85,High,Average.
1674,25.0,0.6300638379571855,0.0,11.8,Medium,Great service!
1675,25.0,0.9253863876355957,0.0,11.23,High,The service was discontinued.
1676,34.0,0.8875515983488529,0.2638297872340427,11.21,Medium,Average.
1677,44.0,0.6797902467121053,0.008510638297872575,11.8,Low,Happy with the app.
1678,35.0,0.9042310646059326,0.0,5.27,High,The app is found.
1679,25.0,0.6243160218872996,0.31489361702127683,9.7,Low,The app is found.
1680,39.0,0.6336517231448593,0.27234042553191484,11.62,High,The service was discontinued.
1681,50.0,0.8495368148219258,1.0,10.87,Low,The service was discontinued.
1682,25.0,0.903163098780839,0.34042553191489366,8.64,High,Happy with the app.
1683,25.0,0.5326749544014591,0.451063829787234,2.0,High,The service was discontinued.
1684,25.0,1.0,1.0,11.8,Low,Happy with the app.
1685,25.0,0.36336037246808106,0.1574468085106382,9.14,Medium,Happy with the app.
1686,28.0,0.5617140251511952,0.5021276595744681,6.87,Medium,The app is found.
1687,25.0,1.0,0.5404255319148938,7.63,Medium,Fees are high.
1688,25.0,0.7194369780167036,0.0,6.72,High,Great service!
1689,25.0,0.8960233272535278,0.10638297872340452,11.8,Low,Great service!
1690,39.0,1.0,0.0,8.92,Low,Fees are high.
1691,25.0,1.0,0.20000000000000018,9.68,Medium,The app is found.
1692,25.0,0.35898051262359604,0.8212765957446808,10.22,Medium,The service was discontinued.
1693,25.0,0.2207689353940674,0.13191489361702136,8.05,Medium,The service was discontinued.
1694,33.0,0.4657650955169435,0.4127659574468088,7.0,Medium,The service was discontinued.
1695,35.0,0.44529375059998083,0.051063829787234116,8.12,High,Great service!
1696,53.0,0.46640107516559476,0.4042553191489362,9.53,High,The service was discontinued.
1697,27.0,0.7282566957857348,0.5957446808510638,9.43,High,The service was discontinued.
1698,25.0,0.4775007199769608,0.6638297872340426,11.8,Low,Happy with the app.
1699,46.0,0.8029423058462128,0.0,11.8,High,The app is found.
1700,25.0,0.6536790822693674,0.697872340425532,11.8,Medium,Fees are high.
1701,32.0,0.8595684938081982,0.35744680851063837,6.52,Low,Happy with the app.
1702,32.0,0.854180666218681,0.2808510638297874,11.8,High,The service was discontinued.
1703,25.0,0.8886795622540078,0.774468085106383,7.03,Low,The service was discontinued.
1704,34.0,0.6077205529423058,0.9957446808510642,10.8,High,Great service!
1705,25.0,0.8682442161850821,0.8595744680851065,11.8,Low,Happy with the app.
1706,33.0,0.6628707881347797,0.8042553191489361,10.13,Low,Great service!
1707,25.0,1.0,0.0,11.8,Low,The service was discontinued.
1708,26.0,0.5128035902851109,0.029787234042553123,7.29,High,Great service!
1709,41.0,0.8021023327253529,0.0,8.01,Medium,Fees are high.
1710,42.0,1.0,0.0,6.26,High,The app is found.
1711,29.0,0.5679298262455601,0.0,7.91,Low,The service was discontinued.
1712,25.0,0.9505735816453873,0.4340425531914893,3.44,High,The service was discontinued.
1713,25.0,0.9895483344532974,0.0,5.0,Medium,Fees are high.
1714,25.0,0.716041086685226,0.4170212765957446,11.8,Low,Average.
1715,25.0,0.2888667562637996,0.6340425531914895,9.32,Medium,Average.
1716,25.0,0.9955601420754536,0.029787234042553123,11.8,Low,Great service!
1717,25.0,0.32008975712777193,1.0,11.8,Medium,Happy with the app.
1718,25.0,1.0,0.9787234042553195,8.54,Low,Happy with the app.
1719,25.0,0.6693625803974272,1.0,11.74,Medium,The service was discontinued.
1720,25.0,0.7703033502927907,0.5744680851063833,10.29,Medium,Happy with the app.
1721,25.0,0.010607660554862258,0.7276595744680852,10.47,Low,Average.
1722,25.0,0.7998824037630796,0.12765957446808507,11.8,High,Fees are high.
1723,25.0,0.7712633195737737,0.6553191489361705,2.0,Medium,The app is found.
1724,25.0,0.4997720072957666,0.34042553191489366,6.43,Medium,Fees are high.
1725,25.0,0.4522055294230585,0.18297872340425547,2.61,Low,Average.
1726,25.0,0.7738792358644524,0.4127659574468088,2.97,Low,Great service!
1727,25.0,0.4433618124220025,0.1744680851063829,10.62,Medium,Fees are high.
1728,32.0,0.384095708937314,0.0,10.09,Low,Happy with the app.
1729,25.0,0.376919938561966,0.3829787234042552,9.21,Low,Great service!
1730,25.0,0.5741696265719498,0.7914893617021277,11.18,High,Average.
1731,25.0,0.3998512047614477,0.2510638297872343,6.88,Medium,Happy with the app.
1732,25.0,0.02181530191033887,0.27659574468085113,3.93,High,Fees are high.
1733,30.0,0.9067869828165498,0.697872340425532,9.74,High,The app is found.
1734,44.0,0.7281247000095996,0.34468085106382995,11.74,Medium,The service was discontinued.
1735,25.0,0.601804742248248,0.6212765957446811,5.98,Low,The service was discontinued.
1736,31.0,0.5257871748104062,0.06808510638297882,11.8,Medium,Fees are high.
1737,37.0,0.7031654987040414,0.4042553191489362,9.77,Medium,Average.
1738,27.0,1.0,0.1914893617021276,8.77,High,Happy with the app.
1739,25.0,0.9917922626475952,0.7829787234042556,6.66,Low,Average.
1740,33.0,1.0,0.9276595744680853,11.8,High,The app is found.
1741,29.0,0.8697921666506672,0.25531914893617014,11.8,High,Average.
1742,29.0,0.7375203993472208,0.7574468085106383,4.3,High,The app is found.
1743,25.0,0.19756167802630314,0.9872340425531916,9.92,Low,Average.
1744,27.0,0.2763031582989344,0.4340425531914893,11.8,Low,Happy with the app.
1745,39.0,0.6104924642411442,0.3872340425531915,7.08,Low,Fees are high.
1746,25.0,0.7766871460113276,0.0,9.92,Low,Average.
1747,39.0,0.44314581933378133,0.49787234042553186,5.86,Medium,Fees are high.
1748,29.0,0.7616996256119803,0.7659574468085109,6.16,Medium,The service was discontinued.
1749,25.0,0.15517903427090335,0.5361702127659576,8.08,Medium,Fees are high.
1750,25.0,0.4256743784198906,1.0,9.61,High,The app is found.
1751,25.0,0.34792886627627917,0.5574468085106385,11.16,High,The app is found.
1752,25.0,0.5065397907266969,0.5574468085106385,5.79,Medium,Happy with the app.
1753,34.0,0.4097868868196218,0.2297872340425533,11.8,Medium,Fees are high.
1754,25.0,0.7534678890275512,0.2127659574468086,4.42,High,The app is found.
1755,28.0,1.0,0.08936170212765981,11.8,High,Great service!
1756,25.0,1.0,0.14042553191489393,11.8,Medium,Happy with the app.
1757,31.0,0.8057502159930883,0.23829787234042543,11.8,Medium,Fees are high.
1758,29.0,0.7298166458673323,1.0,10.81,High,Great service!
1759,25.0,0.8761279639051549,0.36170212765957466,10.86,High,Happy with the app.
1760,25.0,0.3827397523279255,0.0,7.91,Low,Happy with the app.
1761,25.0,0.2838029183066142,0.21702127659574488,11.8,Low,Average.
1762,40.0,0.3507967745032159,0.5276595744680854,9.8,Medium,Great service!
1763,25.0,0.20062158010943654,0.9702127659574469,8.46,High,The service was discontinued.
1764,25.0,0.3488288374772007,0.4425531914893619,7.49,Low,Average.
1765,25.0,0.7613636363636365,0.9659574468085106,10.94,Low,The service was discontinued.
1766,25.0,0.9025991168282614,0.0,5.19,High,Happy with the app.
1767,39.0,0.7971104924642411,0.6851063829787236,8.87,Medium,Fees are high.
1768,25.0,0.367404243064222,0.0,7.78,Low,Happy with the app.
1769,25.0,0.36700825573581647,0.0,7.99,High,The service was discontinued.
1770,25.0,0.8677522319285782,0.48510638297872344,5.67,Low,Average.
1771,35.0,0.582737352404723,0.6000000000000001,7.92,Low,Happy with the app.
1772,25.0,0.14224344820965729,1.0,9.44,Low,Happy with the app.
1773,25.0,0.9142147451281559,0.493617021276596,6.27,High,Happy with the app.
1774,25.0,0.3643683402131132,0.0,11.08,Low,Happy with the app.
1775,25.0,0.9938921954497455,0.2638297872340427,8.05,Medium,Happy with the app.
1776,25.0,0.4362100412786791,0.6510638297872342,11.8,High,Fees are high.
1777,30.0,0.8697681674186426,0.225531914893617,2.0,High,Great service!
1778,41.0,0.5095276951137564,0.5276595744680854,5.78,Low,The app is found.
1779,35.0,0.6344916962657194,0.4297872340425535,8.19,High,Great service!
1780,30.0,1.0,0.8425531914893618,11.8,Medium,Average.
1781,25.0,0.12375203993472211,1.0,11.8,High,Great service!
1782,25.0,0.5288590765095518,0.4170212765957446,10.24,Low,Happy with the app.
1783,25.0,0.49631611788422775,0.268085106382979,9.44,High,Average.
1784,27.0,0.9741168282614956,0.06382978723404253,5.66,Low,The app is found.
1785,60.0,0.6581789382739753,0.0,8.59,Low,Fees are high.
1786,58.0,0.6419794566573869,0.9106382978723406,9.19,Low,Happy with the app.
1787,25.0,0.6336277239128347,0.21702127659574488,11.8,High,Happy with the app.
1788,25.0,0.6160002879907842,0.0,10.57,Medium,Fees are high.
1789,25.0,0.48135259671690506,0.4553191489361703,5.93,Medium,Happy with the app.
1790,25.0,0.4309662090813094,0.9744680851063832,11.6,Low,Happy with the app.
1791,25.0,0.357852548718441,0.37872340425531936,11.8,Medium,Great service!
1792,25.0,0.4678290294710569,0.18723404255319176,11.8,Low,Fees are high.
1793,25.0,0.6910218872996063,0.8042553191489361,4.27,High,Fees are high.
1794,25.0,0.4275943169818566,0.36170212765957466,8.99,High,Happy with the app.
1795,54.0,0.6166842661034848,0.02553191489361728,8.25,Medium,Happy with the app.
1796,25.0,0.22808870116156282,0.3702127659574468,8.71,Medium,The app is found.
1797,25.0,0.567713833157339,0.4340425531914893,7.24,Medium,The service was discontinued.
1798,29.0,0.5578981472592877,0.1957446808510639,3.65,Low,Fees are high.
1799,25.0,0.9911202841509072,0.5744680851063833,3.31,Low,Happy with the app.
1800,26.0,0.9355380627819909,0.9276595744680853,5.11,High,Happy with the app.
1801,25.0,0.6070125755975808,0.0382978723404257,6.91,Medium,Fees are high.
1802,31.0,1.0,0.24255319148936172,9.13,High,Happy with the app.
1803,39.0,0.44099788806758183,0.5829787234042554,11.54,High,The service was discontinued.
1804,25.0,0.3877915906690986,0.817021276595745,5.08,High,The app is found.
1805,25.0,0.807538158778919,1.0,8.89,Low,The service was discontinued.
1806,26.0,0.9925722376883939,0.4468085106382982,7.99,High,The service was discontinued.
1807,25.0,0.9265023519247384,0.7148936170212767,8.74,High,The service was discontinued.
1808,25.0,0.28305894211385235,1.0,6.56,Medium,The service was discontinued.
1809,35.0,1.0,0.570212765957447,9.62,High,The service was discontinued.
1810,25.0,1.0,0.7787234042553193,5.89,Low,The service was discontinued.
1811,47.0,0.34116108284534896,0.268085106382979,8.38,High,Great service!
1812,25.0,1.0,0.5148936170212766,7.15,Low,The service was discontinued.
1813,25.0,0.7219568973792838,0.021276595744680993,8.05,Low,Average.
1814,25.0,0.8420730536622829,0.6085106382978727,7.85,High,Average.
1815,25.0,1.0,0.2085106382978723,4.89,High,The service was discontinued.
1816,25.0,0.6646467313045983,0.4382978723404256,11.8,High,The service was discontinued.
1817,25.0,0.7789790726696746,0.31063829787234054,11.8,Low,The service was discontinued.
1818,27.0,1.0,0.795744680851064,11.8,Low,Fees are high.
1819,25.0,0.659426898339253,0.0,8.56,Low,Great service!
1820,26.0,0.8799798406450994,0.4085106382978725,10.74,Medium,Fees are high.
1821,29.0,0.8796438513967553,0.07234042553191511,6.01,Low,Happy with the app.
1822,47.0,0.27679514255543824,0.6553191489361705,8.8,High,The service was discontinued.
1823,32.0,0.7985384467697034,0.11914893617021294,10.08,Medium,Average.
1824,25.0,0.923778439089949,0.1574468085106382,10.35,Low,The service was discontinued.
1825,39.0,0.7513799558414131,0.4042553191489362,4.8,High,Happy with the app.
1826,25.0,0.5493304214265144,0.6595744680851063,8.03,Low,The app is found.
1827,25.0,0.7169770567341844,0.48510638297872344,5.34,High,The service was discontinued.
1828,28.0,0.4933282134971681,0.03404255319148941,9.03,Low,Great service!
1829,30.0,0.854924642411443,0.6340425531914895,3.3,Low,Happy with the app.
1830,25.0,0.7904627051934339,0.5659574468085107,5.09,High,The service was discontinued.
1831,25.0,0.3280455025439186,0.0,9.55,Medium,Happy with the app.
1832,25.0,0.8348492848228857,0.021276595744680993,10.08,Medium,The service was discontinued.
1833,25.0,0.636267639435538,0.48085106382978715,11.8,Low,Great service!
1834,25.0,0.8089181146203321,0.0,6.0,High,Great service!
1835,37.0,0.9574733608524526,0.3999999999999999,5.91,Low,Happy with the app.
1836,31.0,0.7897307286166844,0.591489361702128,10.04,Low,Great service!
1837,31.0,0.8855716617068254,0.029787234042553123,11.6,High,The app is found.
1838,25.0,0.3347172890467505,0.10638297872340452,7.87,Low,Happy with the app.
1839,25.0,0.8520207353364693,0.36595744680851094,7.35,Low,The service was discontinued.
1840,42.0,0.8007463761159643,0.5446808510638297,3.75,High,Fees are high.
1841,25.0,0.6996016127483922,0.33191489361702153,11.04,Medium,Average.
1842,27.0,0.8338773159258903,0.5148936170212766,7.48,Low,Happy with the app.
1843,25.0,0.9886843621004127,1.0,9.0,Medium,Fees are high.
1844,27.0,0.6214601132763751,0.0,6.94,High,The service was discontinued.
1845,25.0,0.744240184314102,0.7914893617021277,6.99,Low,Average.
1846,25.0,0.9043510607660554,0.0,7.89,Medium,Fees are high.
1847,34.0,0.42931026207161377,0.7787234042553193,7.58,Medium,Fees are high.
1848,25.0,0.05323029663050782,1.0,6.7,Medium,Great service!
1849,41.0,0.4554454257463761,0.0,11.8,Medium,Average.
1850,25.0,0.7663074781606989,0.1574468085106382,11.8,Medium,Happy with the app.
1851,30.0,0.4026831141403476,0.30638297872340425,6.18,Low,Average.
1852,25.0,0.8266295478544687,0.9702127659574469,10.03,High,The service was discontinued.
1853,25.0,0.8289214745128155,0.4170212765957446,6.81,Low,The service was discontinued.
1854,30.0,0.9379619852164731,0.8127659574468087,8.72,Medium,Happy with the app.
1855,30.0,0.767315445905731,0.1957446808510639,11.8,Low,Happy with the app.
1856,25.0,0.9560574061630027,0.17872340425531918,7.65,High,The service was discontinued.
1857,25.0,0.430906211001248,0.46808510638297873,10.08,Medium,Fees are high.
1858,25.0,0.17682634155707017,0.3744680851063831,10.6,Medium,The service was discontinued.
1859,25.0,0.47265287510799653,0.14468085106382977,6.37,Low,Great service!
1860,25.0,0.6372516079485457,0.9489361702127659,6.31,Medium,Average.
1861,37.0,0.3748920034558894,0.4382978723404256,6.87,Low,The app is found.
1862,37.0,0.9116828261495631,0.35744680851063837,7.34,High,Happy with the app.
1863,25.0,0.4577253527887108,0.0,9.17,High,Happy with the app.
1864,25.0,0.5225592781031008,0.05957446808510669,11.08,High,Happy with the app.
1865,25.0,0.854180666218681,0.14893617021276606,5.61,Medium,Great service!
1866,25.0,1.0,0.7276595744680852,11.8,Medium,Fees are high.
1867,25.0,0.5276471152923106,0.548936170212766,11.8,Medium,Happy with the app.
1868,25.0,0.8008303734280504,0.012765957446808418,11.8,Low,Happy with the app.
1869,60.0,0.6047806470192953,0.14468085106382977,2.0,Low,Happy with the app.
1870,25.0,0.7549078429490257,0.5276595744680854,11.8,Medium,Happy with the app.
1871,25.0,0.9937841989056351,0.8851063829787233,11.8,Medium,Fees are high.
1872,25.0,0.6733704521455313,0.4340425531914893,6.79,Low,Fees are high.
1873,25.0,0.41422674474416815,0.0,11.44,Medium,Average.
1874,25.0,0.9889123548046461,0.4212765957446809,7.66,High,Fees are high.
1875,29.0,0.978304694249784,1.0,5.61,Low,Fees are high.
1876,25.0,0.80890611500432,0.18297872340425547,7.31,High,Happy with the app.
1877,25.0,0.7019175386387635,0.0,2.0,Medium,Fees are high.
1878,25.0,0.7707833349332822,0.15319148936170235,10.63,Medium,Happy with the app.
1879,25.0,0.991444273783239,0.30212765957446797,4.21,High,Fees are high.
1880,29.0,0.9865604300662378,0.017021276595744705,10.51,Low,Fees are high.
1881,30.0,0.7316645867332245,0.12340425531914923,11.23,Medium,Great service!
1882,25.0,0.5195353748680043,0.14042553191489393,6.84,Medium,The app is found.
1883,48.0,0.3175818373812038,0.055319148936170404,10.22,Low,Happy with the app.
1884,40.0,0.8976192761831621,0.0,10.72,High,The app is found.
1885,37.0,0.7972904867044255,0.2808510638297874,11.46,High,The service was discontinued.
1886,50.0,1.0,0.0,11.07,High,The service was discontinued.
1887,25.0,0.8268335413266776,0.3999999999999999,10.38,Low,The service was discontinued.
1888,25.0,0.9647691273879235,0.0,8.79,High,The app is found.
1889,47.0,0.9540294710569261,0.34468085106382995,4.29,High,The app is found.
1890,25.0,0.520147355284631,0.9191489361702128,11.8,Medium,Average.
1891,25.0,0.41482672554478256,0.24255319148936172,11.8,Medium,Great service!
1892,28.0,0.7997264087549198,0.817021276595745,5.56,Medium,Fees are high.
1893,25.0,0.11022847268887398,0.2808510638297874,7.42,Medium,Great service!
1894,44.0,0.527371124124028,0.5574468085106385,7.55,High,Fees are high.
1895,35.0,0.4477416722664875,0.32765957446808525,8.89,Medium,Average.
1896,25.0,1.0,0.6893617021276599,8.78,High,The service was discontinued.
1897,25.0,0.6423514447537679,0.5744680851063833,9.47,Medium,The service was discontinued.
1898,25.0,0.827229528655083,0.7702127659574467,6.78,Low,Happy with the app.
1899,25.0,0.5649659210905251,0.28936170212765955,11.61,Medium,The service was discontinued.
1900,25.0,0.39399539214745133,0.4382978723404256,11.8,High,The service was discontinued.
1901,25.0,0.8471008927714314,0.4170212765957446,7.76,Low,The service was discontinued.
1902,26.0,0.3190337909186906,0.18297872340425547,8.74,Medium,Average.
1903,33.0,0.8600484784486897,0.4893617021276597,3.64,High,Average.
1904,30.0,0.6305678218297015,1.0,8.43,High,Happy with the app.
1905,26.0,0.7614116348276856,1.0,9.46,High,The service was discontinued.
1906,28.0,0.9419698569645771,0.9276595744680853,7.91,High,Average.
1907,25.0,0.49482816549870406,1.0,7.48,Low,Fees are high.
1908,25.0,0.1788422770471345,0.09361702127659566,11.8,Low,Average.
1909,25.0,0.18657002975904774,0.0,10.64,Low,The service was discontinued.
1910,31.0,0.3742200249592013,0.16170212765957448,11.8,Low,Happy with the app.
1911,25.0,0.47478880675818375,0.7404255319148936,7.96,High,Great service!
1912,25.0,0.40483104540654696,0.48510638297872344,11.8,Low,Fees are high.
1913,25.0,0.4608812517999424,0.16595744680851077,11.8,Low,Fees are high.
1914,26.0,0.6596188921954498,0.0,8.17,Medium,The app is found.
1915,25.0,0.35900451185562066,0.24255319148936172,5.79,Low,Fees are high.
1916,42.0,0.7522199289622733,0.055319148936170404,3.22,High,Fees are high.
1917,42.0,0.568709801286359,0.17021276595744705,10.07,Low,Happy with the app.
1918,41.0,0.772907266967457,1.0,6.39,Low,Fees are high.
1919,25.0,0.6454593453009503,0.4765957446808513,9.49,Low,Average.
1920,25.0,0.6627507919746569,0.0,11.8,Low,The service was discontinued.
1921,38.0,0.9064629931842181,0.48510638297872344,7.15,Medium,Happy with the app.
1922,25.0,0.8697321685706056,0.6808510638297873,6.76,Medium,Happy with the app.
1923,25.0,0.9420778535086878,0.0,2.0,High,The service was discontinued.
1924,25.0,0.7076173562446002,0.32340425531914896,8.51,Low,Average.
1925,25.0,0.9944201785542863,0.30212765957446797,8.5,Low,Great service!
1926,25.0,0.8549006431794184,0.20000000000000018,11.8,Low,Average.
1927,33.0,0.43522607276567155,0.5957446808510638,6.59,Medium,Average.
1928,34.0,0.9025991168282614,0.7276595744680852,11.8,Low,Happy with the app.
1929,25.0,0.23027263127579917,1.0,9.1,Medium,Fees are high.
1930,42.0,0.07050974368820198,0.051063829787234116,9.47,High,Great service!
1931,29.0,0.8175818373812038,0.09787234042553195,11.68,High,Fees are high.
1932,31.0,0.9061630027839109,0.0,2.0,High,The service was discontinued.
1933,25.0,0.5220672938465969,0.0,11.8,Low,Fees are high.
1934,25.0,1.0,0.1914893617021276,10.89,Low,The service was discontinued.
1935,40.0,0.7218129019871364,0.0,11.8,High,Great service!
1936,60.0,0.6366636267639436,0.2085106382978723,11.74,High,The app is found.
1937,31.0,0.7293606604588654,0.13617021276595764,5.8,Medium,Fees are high.
1938,25.0,1.0,0.0,10.0,Low,Great service!
1939,37.0,0.9955001439953921,0.0,4.6,High,Happy with the app.
1940,27.0,0.5934890083517328,0.0,11.8,Low,Average.
1941,25.0,1.0,0.32765957446808525,9.24,High,Great service!
1942,44.0,0.8896395315349908,0.6127659574468085,8.2,Medium,Happy with the app.
1943,31.0,0.8612364404339061,0.34893617021276624,3.89,Low,Happy with the app.
1944,25.0,0.888391571469713,0.676595744680851,11.8,Medium,Average.
1945,45.0,0.6274959201305559,0.8765957446808512,11.52,High,Fees are high.
1946,30.0,0.33526927138331575,0.4553191489361703,9.35,Medium,Happy with the app.
1947,25.0,0.7354324661610829,0.0,11.8,High,The service was discontinued.
1948,25.0,1.0,0.0,7.67,Medium,Fees are high.
1949,25.0,0.9360300470384948,0.6808510638297873,5.49,Low,The service was discontinued.
1950,26.0,0.5925170394547374,0.29361702127659584,8.66,Low,Great service!
1951,27.0,0.8079101468753,0.3361702127659574,10.88,High,Happy with the app.
1952,36.0,0.2808270135355669,0.9531914893617022,11.73,Low,Average.
1953,25.0,0.6653787078813478,0.3914893617021278,7.7,High,Fees are high.
1954,30.0,0.3575885571661707,0.33191489361702153,11.8,Low,Great service!
1955,25.0,1.0,0.0,3.9,Low,Great service!
1956,28.0,0.3540846692905827,0.8382978723404255,11.58,Low,The app is found.
1957,25.0,0.8303734280503023,0.18723404255319176,4.58,Medium,The service was discontinued.
1958,25.0,0.1431434194105789,1.0,11.8,Low,Average.
1959,26.0,0.5805054238264375,0.17872340425531918,4.87,Low,The service was discontinued.
1960,31.0,0.34600892771431313,0.676595744680851,7.88,Medium,Average.
1961,25.0,0.2539478736680426,0.8808510638297875,7.59,Medium,The service was discontinued.
1962,25.0,1.0,0.719148936170213,9.5,Low,Great service!
1963,40.0,0.857972544878564,0.6510638297872342,10.07,High,Fees are high.
1964,25.0,1.0,0.10638297872340452,6.51,Medium,Great service!
1965,25.0,0.8222256887779591,0.9957446808510642,4.81,High,The service was discontinued.
1966,25.0,0.3039622732072574,0.2808510638297874,11.8,High,Average.
1967,25.0,0.5808054142267447,0.2595744680851064,8.61,High,The app is found.
1968,25.0,0.5414346740904292,0.3999999999999999,3.15,Low,Happy with the app.
1969,25.0,0.951473552846309,0.4425531914893619,8.56,Low,Fees are high.
1970,26.0,0.5947609676490353,1.0,10.66,High,The app is found.
1971,25.0,0.45527743112220415,0.09361702127659566,11.8,Low,The service was discontinued.
1972,25.0,0.9089469136987616,0.8723404255319149,6.4,Low,The service was discontinued.
1973,25.0,0.9186186042046653,0.22127659574468117,5.2,Low,Fees are high.
1974,25.0,0.771695305750216,0.9489361702127659,6.37,Low,Happy with the app.
1975,25.0,0.583565325909571,0.0,6.49,Medium,Average.
1976,29.0,0.8949313621964097,0.451063829787234,11.63,High,The service was discontinued.
1977,25.0,0.5195473744840164,0.32765957446808525,7.97,Low,The service was discontinued.
1978,27.0,0.595084957281367,0.0,7.04,Medium,Happy with the app.
1979,25.0,0.24746808102140733,0.2808510638297874,11.35,Medium,The app is found.
1980,25.0,0.6263799558414131,0.04680851063829783,10.8,Medium,The app is found.
1981,32.0,0.6045646539310743,1.0,11.13,Low,Happy with the app.
1982,25.0,0.4344340981088605,1.0,2.13,High,Average.
1983,25.0,0.760847652875108,0.2127659574468086,8.8,High,The app is found.
1984,27.0,0.484604492656235,0.9702127659574469,10.74,High,Great service!
1985,25.0,1.0,0.5787234042553191,11.8,Medium,Happy with the app.
1986,25.0,0.5318349812805991,0.31063829787234054,7.52,High,The app is found.
1987,25.0,0.8475448785638859,0.2297872340425533,9.48,Medium,Great service!
1988,25.0,0.5374988000383989,0.3872340425531915,5.37,Medium,Average.
1989,25.0,0.44742968225016805,0.6553191489361705,11.8,Medium,Happy with the app.
1990,25.0,0.21742104252663919,0.5531914893617023,11.8,Medium,Fees are high.
1991,25.0,0.9053110300470384,1.0,8.05,Low,Happy with the app.
1992,28.0,0.44151387155611027,0.4468085106382982,5.87,Medium,The service was discontinued.
1993,29.0,0.2805270231352597,0.2978723404255321,8.77,Low,Fees are high.
1994,25.0,0.7720672938465969,0.0,5.08,Medium,The app is found.
1995,41.0,1.0,0.30638297872340425,10.58,Low,Fees are high.
1996,26.0,0.1468872996064126,0.2510638297872343,6.65,Low,Fees are high.
1997,25.0,0.5755255831813382,0.8510638297872339,8.54,Low,Happy with the app.
1998,25.0,0.8750239992320246,1.0,7.17,Low,Average.
1999,25.0,0.895111356436594,0.6042553191489364,5.4,High,Fees are high.
2000,25.0,0.7732432562158011,0.6468085106382979,9.99,High,The service was discontinued.
